karte;frage;ziel;info
Deutschland;Wo wurde Angela Merkel 1954 geboren?;Hamburg;Angela Merkel wurde 1954 in Hamburg geboren, zog aber kurz darauf in die DDR.
Deutschland;Wo steht die berühmte Frauenkirche mit ihren markanten Kuppeln?;Dresden;Die Frauenkirche wurde im Zweiten Weltkrieg zerstört und später prachtvoll wiederaufgebaut.
Deutschland;Wo steht das weltberühmte Holstentor?;Lübeck;Das Holstentor ist das Wahrzeichen der Hansestadt Lübeck und war früher auf dem 50-DM-Schein.
Deutschland;Wo liegt im Harz der höchste Berg im Norden Deutschlands?;Brocken;Der Brocken ist mit 1141 Metern der höchste Berg im Norden Deutschlands.
Deutschland;Wo mündet die Weser direkt in die Nordsee?;Bremerhaven;Bremerhaven bildet zusammen mit Bremen das kleinste deutsche Bundesland.
Deutschland;Wo befindet sich das berühmte Felsental Bastei in der Sächsischen Schweiz?;Bastei;Die Bastei bietet eine atemberaubende Aussicht auf das Elbtal.
Deutschland;Wo liegt der Chiemsee mit dem Schloss Herrenchiemsee?;Chiemsee;König Ludwig II. baute das Schloss nach dem Vorbild von Versailles.
Deutschland;Wo befindet sich der größte Freizeitpark Deutschlands (Europa-Park)?;Rust;Er liegt im Dreiländereck nahe Freiburg im Breisgau.
Deutschland;Wo befindet sich die älteste Universität Deutschlands?;Heidelberg;Die Ruperto Carola wurde bereits im Jahr 1386 gegründet.
Deutschland;Wo liegt das waldreiche Mittelgebirge mit Kuckucksuhren und Bollenhüten?;Schwarzwald;Bekannt für Kuckucksuhren, Bollenhüte und die Schwarzwälder Kirschtorte.
Deutschland;Wo wurde der Komponist Ludwig van Beethoven geboren?;Bonn;Bonn war zudem von 1949 bis 1990 die Bundeshauptstadt.
Deutschland;Wo steht der berühmte Kreidefelsen Königsstuhl auf Rügen?;Königsstuhl;Der Königsstuhl ist der markanteste Punkt der Kreideküste.
Deutschland;Wo befindet sich der größte Seehafen Deutschlands an der Elbe?;Hamburg;Der Hamburger Hafen ist der größte Seehafen Deutschlands.
Deutschland;Wo steht das imposante Völkerschlachtdenkmal von 1813?;Leipzig;Es erinnert an die Völkerschlacht gegen Napoleon im Jahr 1813.
Deutschland;Wo liegt die Frankenmetropole, die für Lebkuchen und den Christkindlesmarkt bekannt ist?;Nürnberg;Der Nürnberger Christkindlesmarkt zieht jährlich Millionen Besucher an.
Deutschland;Wo ragt der höchste Berg Deutschlands 2962 Meter empor?;Zugspitze;Die Zugspitze misst stolze 2962 Meter über dem Meeresspiegel.
Deutschland;Wo fließt der Rhein direkt am berühmten Dom vorbei?;Köln;Der Rhein ist eine der verkehrsreichsten Wasserstraßen der Welt.
Deutschland;Wo steht das Bronze-Denkmal der vier weltberühmten Stadtmusikanten?;Bremen;Die Bronzeplastik steht direkt an der Westseite des Rathauses.
Deutschland;Wo liegt das Gebirge mit dem Kyffhäuser-Denkmal?;Kyffhäusergebirge;Es liegt an der Grenze zwischen Thüringen und Sachsen-Anhalt.
Deutschland;Wo befindet sich der größte rein deutsche See?;Müritz;Hier befindet sich auch die Müritz, der größte rein deutsche See.
Deutschland;Wo fährt die weltberühmte historische Schwebebahn über den Fluss?;Wuppertal;Die historische Hochbahn steht seit 1997 unter Denkmalschutz.
Deutschland;Wo ragt der sagenumwobene Loreley-Felsen im Mittelrheintal empor?;Loreley;Der Sage nach verzauberte eine Nixe dort die Schiffer mit ihrem Gesang.
Deutschland;Wo liegt die Autostadt des VW-Konzerns?;Wolfsburg;Die Stadt wurde 1938 eigens für das Volkswagenwerk gegründet.
Deutschland;Wo befindet sich der Baldeneysee als bekanntes Naherholungsgebiet im Ruhrgebiet?;Baldeneysee;Er wurde durch das Anstauen der Ruhr geschaffen.
Deutschland;Wo steht das weltberühmte Märchenschloss Neuschwanstein?;Füssen;König Ludwig II. ließ es ab 1869 auf einem Felsen errichten.
Deutschland;Wo fließt die Donau an einer der ältesten Steinbrücken vorbei?;Regensburg;Regensburg besitzt eine der ältesten erhaltenen Steinbrücken über die Donau.
Deutschland;Wo erstreckt sich der größte zusammenhängende Wald Mitteleuropas an der tschechischen Grenze?;Bayerischer Wald;Zusammen mit dem Böhmerwald bildet es das größte zusammenhängende Waldgebiet Mitteleuropas.
Deutschland;Wo befindet sich der Sitz des deutschen Bundesverfassungsgerichts?;Karlsruhe;Karlsruhe wird deshalb auch als Residenz des Rechts bezeichnet.
Deutschland;Wo steht das weltbekannte Bankenviertel mit seinen Wolkenkratzern?;Frankfurt am Main;Frankfurt ist der Sitz der Europäischen Zentralbank.
Deutschland;Wo mündet der Fluss Neckar nach seinem Lauf durch Südwestdeutschland in den Rhein?;Mannheim;Er mündet bei Mannheim in den Rhein.
Deutschland;Wo wird seit 1710 das feine Porzellan mit den gekreuzten blauen Schwertern hergestellt?;Meißen;Das Meissener Porzellan wird seit 1710 hergestellt.
Deutschland;Wo befindet sich das UNESCO-Weltnaturerbe an der deutschen Nordseeküste?;Wattenmeer;Das Wattenmeer bietet Lebensraum für Tausende Tier- und Pflanzenarten.
Deutschland;Wo ragt der Wurmberg als zweithöchster Berg des Harzes empor?;Wurmberg;Der Wurmberg liegt in Niedersachsen und ist ein beliebtes Skigebiet.
Deutschland;Wo fließen die drei Flüsse Donau, Inn und Ilz zusammen?;Passau;Passau wird wegen des Zusammenflusses dieser drei Flüsse Dreiflüssestadt genannt.
Deutschland;Wo befindet sich die historische Wirkungsstätte von Goethe und Schiller?;Weimar;Weimar ist eng mit Goethe, Schiller und der Weimarer Republik verbunden.
Deutschland;Wo wird alljährlich der internationale Karlspreis verliehen?;Aachen;Der Aachener Dom war die Krönungskirche zahlreicher deutscher Könige.
Deutschland;Wo befindet sich eine berühmte Skisprungschanze in den Allgäuer Alpen?;Oberstdorf;Hier startet traditionell die Vierschanzentournee.
Deutschland;Wo mündet die Mosel am Deutschen Eck in den Rhein?;Koblenz;Die Mosel ist bekannt für ihre steilen Weinberge.
Deutschland;Wo steht die größte Modelleisenbahnanlage der Welt (Miniaturen Wunderland)?;Hamburg;Es ist die größte Modelleisenbahnanlage der Welt.
Deutschland;Wo befindet sich die bayerische Inselstadt im Bodensee mit der bekannten Hafeneinfahrt?;Lindau;Die historische Altstadt von Lindau liegt auf einer Insel.
Deutschland;Wo erstreckt sich das waldreiche Knüllgebirge südlich von Kassel?;Knüllgebirge;Es ist Teil des Hessischen Berglandes.
Deutschland;Wo fließt die Spree durch das Regierungsviertel der Bundeshauptstadt?;Berlin;Die Spree mündet im Berliner Bezirk Spandau in die Havel.
Deutschland;Wo ragt der höchste Kirchturm der Welt 161,53 Meter in den Himmel?;Ulm;Der Turm misst stolze 161,53 Meter.
Deutschland;Wo liegt der malerische Alpsee direkt unterhalb der Königsschlösser?;Alpsee;Der See liegt direkt unterhalb der Königsschlösser.
Deutschland;Wo steht das Marine-Ehrenmal Laboe an der Kieler Förde?;Kiel;Kiel ist gleichzeitig die Landeshauptstadt des Bundeslandes.
Deutschland;Wo finden auf dem Grünen Hügel die alljährlichen Richard-Wagner-Festspiele statt?;Bayreuth;Die Festspiele finden im eigens erbauten Festspielhaus auf dem Grünen Hügel statt.
Deutschland;Wo steht die historische Wartburg, auf der Martin Luther die Bibel übersetzte?;Eisenach;Die Wartburg war der Zufluchtsort von Martin Luther bei seiner Bibelübersetzung.
Deutschland;Wo bricht der höchste Kaltwassergeysir der Welt regelmäßig aus?;Andernach;Der Geysir springt etwa alle zwei Stunden bis zu 60 Meter hoch.
Deutschland;Wo erstreckt sich das große lilafarbene Heidegebiet im Nordosten Niedersachsens?;Lüneburger Heide;Bekannt für die lilafarbene Heideblüte im Spätsommer.
Deutschland;Wo befindet sich die traditionelle Universitätsstadt der optischen Industrie (Zeiss)?;Jena;Jena ist zudem eine bedeutende Universitätsstadt.
Deutschland;Wo mündet der Main nach seinem Lauf durch die Bankenmetropole in den Rhein?;Mainz;Der Main mündet bei Mainz-Kostheim in den Rhein.
Deutschland;Wo steht das prachtvolle Residenzschloss Schwerin auf einer Insel im See?;Schwerin;Schwerin ist die Landeshauptstadt von Mecklenburg-Vorpommern.
Deutschland;Wo befindet sich die zweitgrößte Stadt Bayerns in Mittelfranken?;Nürnberg;Nürnberg liegt im Regierungsbezirk Mittelfranken.
Deutschland;Wo liegt der Nationalpark Schwarzwald zum Schutz der geschützten Grinden?;Schwarzwald;Er wurde im Jahr 2014 gegründet.
Deutschland;Wo steht das imposante Walhalla-Monument steil über der Donau?;Donaustauf;Die Gedenkstätte Walhalla steht in Donaustauf nahe Regensburg.
Deutschland;Wo liegt der bekannte Wintersportort Winterberg im Rothaargebirge?;Winterberg;Winterberg liegt im Rothaargebirge im Sauerland.
Deutschland;Wo entspringt die Weser aus dem Zusammenfluss von Werra und Fulda?;Münden;Die Weser entsteht durch den Zusammenfluss von Werra und Fulda in Hannoversch Münden.
Deutschland;Wo wurde bereits 1844 der älteste noch bestehende Zoo Deutschlands eröffnet?;Berlin;Der Zoologische Garten Berlin wurde 1844 eröffnet.
Deutschland;Wo ragt die Kalmit als höchste Erhebung des Pfälzerwaldes empor?;Kalmit;Die Kalmit ist 672,6 Meter hoch und trägt einen Aussichtsturm.
Deutschland;Wo liegt die malerische Universitätsstadt Marburg an der Lahn?;Marburg;Marburg ist für seine steilen Gassen und das Landgrafenschloss bekannt.
Deutschland;Wo formte die Elbe das imposante Sandsteingebirge?;Elbsandsteingebirge;Die Elbe hat über Jahrtausende hinweg das markante Sandsteingebirge geformt.
Deutschland;Wo steht das weltberühmte Roemer- und Pelizaeus-Museum mit seiner Ägypten-Sammlung?;Hildesheim;Das Museum ist weltweit bekannt für seine altägyptische Sammlung.
Deutschland;Wo erstreckt sich die Rhön als Land der offenen Fernen?;Rhön;Die Rhön wird wegen ihrer weiten Ausblicke auch als Land der offenen Fernen bezeichnet.
Deutschland;Wo liegt der smaragdgrüne Königssee direkt am Fuße des Watzmanns?;Königssee;Der Königssee liegt im Nationalpark Berchtesgaden.
Deutschland;Wo befindet sich die komplett bebaute historische Krämerbrücke?;Erfurt;Die Krämerbrücke ist das längste bebaute Brückenbauwerk Europas.
Deutschland;Wo befindet sich der Feldberg als höchste Erhebung aller deutschen Mittelgebirge?;Feldberg;Der Feldberg ist mit 1493 Metern die höchste Erhebung aller deutschen Mittelgebirge.
Deutschland;Wo befindet sich das größte Bergbaumuseum der Welt?;Bochum;Es ist das größte Bergbaumuseum der Welt..
Deutschland;Wo wird alljährlich das weltgrößte Segelsport-Ereignis ausgetragen?;Kiel;Die Kieler Woche ist eine der weltweit größten Segelsportveranstaltungen.
Deutschland;Wo befindet sich der Edersee als größte Talsperre Hessens?;Edersee;Der Edersee dient dem Hochwasserschutz und der Stromerzeugung.
Deutschland;Wo steht das barocke Meisterwerk der Frauenkirche an der Elbe?;Dresden;Sie gilt als ein monumentales Meisterwerk des europäischen Barocks.
Deutschland;Wo befindet sich die Landeshauptstadt von Baden-Württemberg?;Stuttgart;Stuttgart ist vor allem als Zentrum der deutschen Automobilindustrie bekannt.
Deutschland;Wo befindet sich die Landeshauptstadt von Bayern?;München;München ist die drittgrößte Stadt Deutschlands und berühmt für das jährliche Oktoberfest.
Deutschland;Wo befindet sich die Landeshauptstadt von Brandenburg?;Potsdam;Potsdam grenzt direkt an Berlin und ist weltbekannt für Schloss Sanssouci.
Deutschland;Wo befindet sich die Landeshauptstadt von Hessen?;Wiesbaden;Wiesbaden liegt am Rhein und besitzt zahlreiche historische Thermal- und Mineralquellen.
Deutschland;Wo befindet sich die Landeshauptstadt von Mecklenburg-Vorpommern?;Schwerin;Schwerin ist die kleinste der deutschen Landeshauptstädte und besitzt ein berühmtes Märchenschloss.
Deutschland;Wo befindet sich die Landeshauptstadt von Niedersachsen?;Hannover;Hannover ist ein weltweiter Messestandort und richtet unter anderem das größte Schützenfest der Welt aus.
Deutschland;Wo befindet sich die Landeshauptstadt von Nordrhein-Westfalen?;Düsseldorf;Düsseldorf gilt als bedeutende Mode- und Einkaufsstadt und liegt direkt am Rhein.
Deutschland;Wo befindet sich die Landeshauptstadt von Rheinland-Pfalz?;Mainz;Mainz ist berühmt als Geburtsstadt von Johannes Gutenberg, dem Erfinder des modernen Buchdrucks.
Deutschland;Wo befindet sich die Landeshauptstadt des Saarlandes?;Saarbrücken;Saarbrücken ist das Zentrum der Grenzregion nahe Frankreich und entstand 1909 aus dem Zusammenschluss dreier Städte.
Deutschland;Wo befindet sich die Landeshauptstadt von Sachsen?;Dresden;Dresden wird wegen seiner beeindruckenden Architektur an der Elbe auch oft „Elbflorenz“ genannt.
Deutschland;Wo befindet sich die Landeshauptstadt von Sachsen-Anhalt?;Magdeburg;Magdeburg ist eine der ältesten Städte in den östlichen Bundesländern und historisch eng mit Kaiser Otto dem Großen verbunden.
Deutschland;Wo befindet sich die Landeshauptstadt von Schleswig-Holstein?;Kiel;Kiel liegt an der Ostsee und ist weltbekannt für das jährliche Segelsportereignis „Kieler Woche“.
Deutschland;Wo befindet sich die Landeshauptstadt von Thüringen?;Erfurt;Erfurt besitzt einen gut erhaltenen mittelalterlichen Stadtkern mit der bekannten Krämerbrücke.
